<?xml version="1.0" encoding="UTF-8"?>
<ti:app xmlns:ti="http://ti.appcelerator.org">
    <id>com.appcelerator.urlschemes</id>
    <name>URLSchemes</name>
    <version>1.0</version>
    <publisher>tpoulsen</publisher>
    <url>http://</url>
    <description>not specified</description>
    <copyright>2013 by tpoulsen</copyright>
    <icon>appicon.png</icon>
    <persistent-wifi>false</persistent-wifi>
    <prerendered-icon>false</prerendered-icon>
    <statusbar-style>default</statusbar-style>
    <statusbar-hidden>false</statusbar-hidden>
    <fullscreen>false</fullscreen>
    <navbar-hidden>false</navbar-hidden>
    <analytics>true</analytics>
    <guid>0832d024-44c7-4681-91ad-c65baf839ff8</guid>
    <property name="ti.ui.defaultunit" type="string">dp</property>
    <iphone>
        <orientations device="iphone">
            <orientation>Ti.UI.PORTRAIT</orientation>
        </orientations>
        <orientations device="ipad">
            <orientation>Ti.UI.PORTRAIT</orientation>
            <orientation>Ti.UI.UPSIDE_PORTRAIT</orientation>
            <orientation>Ti.UI.LANDSCAPE_LEFT</orientation>
            <orientation>Ti.UI.LANDSCAPE_RIGHT</orientation>
        </orientations>
    </iphone>
    <ios>
        <plist>
            <dict>
                <key>CFBundleURLTypes</key>
                <array>
                    <dict>
                        <key>CFBundleURLName</key>
                        <string>com.appcelerator.urlschemes</string>
                        <key>CFBundleURLSchemes</key>
                        <array>
                            <string>Urlschemes</string>
                        </array>
                    </dict>
                </array>
            </dict>
        </plist>
    </ios>
    <android xmlns:android="http://schemas.android.com/apk/res/android">
        <manifest>
            <application android:debuggable="false"
                android:icon="@drawable/appicon"
                android:label="URLSchemes" android:name="UrlschemesApplication">
                <!-- TI_APPLICATION -->
                <activity
                    android:configChanges="keyboardHidden|orientation"
                    android:label="URLSchemes"
                    android:name=".UrlschemesActivity" android:theme="@style/Theme.Titanium">
                    <intent-filter>
                        <action android:name="android.intent.action.MAIN"/>
                        <category android:name="android.intent.category.LAUNCHER"/>
                    </intent-filter>
                    <intent-filter>
                        <action android:name="android.intent.action.VIEW"/>
                        <category android:name="android.intent.category.DEFAULT"/>
                        <category android:name="android.intent.category.BROWSABLE"/>
                        <data android:host="" android:scheme="urlschemes"/>
                    </intent-filter>
                </activity>
                <activity
                    android:configChanges="keyboardHidden|orientation" android:name="org.appcelerator.titanium.TiActivity"/>
                <activity
                    android:configChanges="keyboardHidden|orientation"
                    android:name="org.appcelerator.titanium.TiTranslucentActivity" android:theme="@android:style/Theme.Translucent"/>
                <activity
                    android:configChanges="keyboardHidden|orientation"
                    android:name="org.appcelerator.titanium.TiModalActivity" android:theme="@android:style/Theme.Translucent"/>
                <activity
                    android:configChanges="keyboardHidden|orientation" android:name="ti.modules.titanium.ui.TiTabActivity"/>
                <activity android:name="ti.modules.titanium.ui.android.TiPreferencesActivity"/>
                <service android:exported="false" android:name="org.appcelerator.titanium.analytics.TiAnalyticsService"/>
            </application>
        </manifest>
    </android>
    <mobileweb>
        <precache/>
        <splash>
            <enabled>true</enabled>
            <inline-css-images>true</inline-css-images>
        </splash>
        <theme>default</theme>
    </mobileweb>
    <modules/>
    <deployment-targets>
        <target device="blackberry">false</target>
        <target device="android">true</target>
        <target device="ipad">true</target>
        <target device="iphone">true</target>
        <target device="mobileweb">true</target>
    </deployment-targets>
    <sdk-version>3.3.0.GA</sdk-version>
    <plugins>
        <plugin version="1.0">ti.alloy</plugin>
    </plugins>
</ti:app>
